{"cameraMode":{"drawMode":0,"name":"Shaded","section":"Shading Mode"},"sceneLighting":false,"audioPlay":false,"sceneViewState":{"showFog":false,"showMaterialUpdate":false,"showSkybox":false,"showFlares":false,"showImageEffects":false,"showParticleSystems":true},"in2DMode":false,"pivot":{"x":-0.002499997615814209,"y":0.931999921798706,"z":-3.874687671661377},"rotation":{"x":-0.7007016539573669,"y":0.004280626308172941,"z":-0.004204257391393185,"w":-0.7134292125701904},"size":3.4391391277313234,"orthographic":false}