{"cameraMode":{"drawMode":0,"name":"Shaded","section":"Shading Mode"},"sceneLighting":false,"audioPlay":false,"sceneViewState":{"showFog":false,"showMaterialUpdate":false,"showSkybox":false,"showFlares":false,"showImageEffects":false,"showParticleSystems":true},"in2DMode":false,"pivot":{"x":1.0966033935546876,"y":0.9702295660972595,"z":-3.699880361557007},"rotation":{"x":0.007462088018655777,"y":0.10032808780670166,"z":-0.0007524749380536377,"w":0.9949262142181397},"size":3.4391391277313234,"orthographic":false}